"time","light","temperature"
"2015-02-12 01:45:04",463,26.784
2015-02-12 02:00:03,473,26.63
2015-02-12 02:15:04,467.9,25.983
2015-02-12 02:30:04,0,25.453
2015-02-12 02:45:04,0,23.65
2015-02-12 03:00:04,0,22.53
2015-02-12 03:15:04,0,21.58
2015-02-12 03:30:04,0,20.81
2015-02-12 03:45:04,0,20.156
2015-02-12 04:00:04,0,19.583
2015-02-12 04:15:03,0,19.09
2015-02-12 04:30:03,0,18.67
2015-02-12 04:45:04,0,18.41
2015-02-12 05:00:04,0,18.07
2015-02-12 05:15:04,0,17.72
2015-02-12 05:30:04,0,17.47
2015-02-12 05:45:04,0,17.21
2015-02-12 06:00:04,0,16.87
2015-02-12 06:15:04,0,16.7
2015-02-12 06:30:04,5.3,16.44
2015-02-12 06:45:04,17.8,16.243
2015-02-12 07:00:04,44,16.1
2015-02-12 07:15:04,85.7,15.93
2015-02-12 07:30:04,122,15.75
2015-02-12 07:45:03,140,15.67
2015-02-12 08:00:03,154.3,18.07
2015-02-12 08:15:03,286,19.52
2015-02-12 08:30:04,366,20.38
2015-02-12 08:45:04,383.8,21.58
2015-02-12 09:00:04,385.4,22.35
2015-02-12 09:15:04,390,23.13
2015-02-12 09:30:04,380,23.65
2015-02-12 09:45:03,377,24
2015-02-12 10:00:04,374.3,24.26
2015-02-12 10:15:03,359,24.61
2015-02-12 10:30:03,751,25.121
2015-02-12 10:45:04,724.4,25.462
2015-02-12 11:00:04,696,25.57
2015-02-12 11:15:03,700,24.96
2015-02-12 11:30:04,655.9,24.87
2015-02-12 11:45:04,654,24.08
2015-02-12 12:00:03,642,22.87
2015-02-12 12:15:03,599.7,22.01
2015-02-12 12:30:04,521.2,21.872
2015-02-12 12:45:04,565,22.27
2015-02-12 13:00:03,486.7,22.53
2015-02-12 13:15:04,525.1,22.78
2015-02-12 13:30:04,569,22.78
2015-02-12 13:45:03,521.4,22.96
2015-02-12 14:00:04,480,23.04
2015-02-12 14:15:04,558.2,22.35
2015-02-12 14:34:56,597,23.04
2015-02-12 14:47:23,592,22.87
2015-02-12 15:02:52,594,22.636
2015-02-12 15:15:04,580,22.636
2015-02-12 15:28:42,566,22.61
2015-02-12 15:30:03,567,22.61
2015-02-12 15:32:25,563.1,22.717
2015-02-12 15:45:04,542,22.724
2015-02-12 15:47:46,537,22.78
2015-02-12 16:00:03,518.4,22.96
2015-02-12 16:15:05,487,22.87
2015-02-12 16:30:04,456,22.53
2015-02-12 16:45:04,357.4,22.35
2015-02-12 17:00:05,260,22.27
2015-02-12 17:15:04,132,22.1
2015-02-12 17:30:04,23,22.01
2015-02-12 17:45:04,0,22.01
2015-02-12 18:00:04,0,22.01
2015-02-12 18:15:04,0,21.92
2015-02-12 18:30:04,0,21.92
2015-02-12 18:45:04,493.3,22.18
2015-02-12 19:00:04,488.3,22.53
2015-02-12 19:15:03,492.2,22.87
2015-02-12 19:30:05,484.8,23.04
2015-02-12 19:45:04,486.2,23.04
2015-02-12 20:00:03,488.8,23.04
2015-02-12 20:15:04,484.1,23.04
2015-02-12 20:30:04,492.7,23.04
2015-02-12 20:45:04,483,23.13
2015-02-12 21:00:04,482.1,23.112
2015-02-12 21:15:04,486.7,23.363
2015-02-12 21:30:04,483.7,23.82
2015-02-12 21:45:04,486.7,24.52
2015-02-12 22:00:03,488.5,24.439
2015-02-12 22:15:04,483.8,24.43
2015-02-12 22:30:05,492.5,24.601
2015-02-12 22:45:04,484.7,24.61
2015-02-12 23:00:04,492.3,24.52
2015-02-12 23:15:04,488.8,24.96
2015-02-12 23:30:04,464.9,24.69
2015-02-12 23:45:04,0,24.43
2015-02-13 00:00:04,0,23.3
2015-02-13 00:15:04,0,22.35
2015-02-13 00:30:05,0,21.58
2015-02-13 00:45:04,0,20.89
2015-02-13 01:00:04,0,20.29
2015-02-13 01:15:04,0,19.844
2015-02-13 01:30:04,0,19.44
2015-02-13 01:45:04,0,19.09
2015-02-13 02:00:04,0,18.784
2015-02-13 02:15:04,0,18.49
2015-02-13 02:30:04,0,18.24
2015-02-13 02:45:04,0,17.98
2015-02-13 03:00:04,0,17.72
2015-02-13 03:15:04,0,17.478
2015-02-13 03:30:04,0,17.3
2015-02-13 03:45:03,0,17.04
2015-02-13 04:00:04,0,16.91
2015-02-13 04:15:04,0,16.7
2015-02-13 04:30:03,0,16.53
2015-02-13 04:45:04,0,16.44
2015-02-13 05:00:03,0,16.296
2015-02-13 05:15:03,0,16.1
2015-02-13 05:30:03,0,16.01
2015-02-13 05:45:03,0,15.84
2015-02-13 06:00:04,0,15.75
2015-02-13 06:15:03,24,15.643
2015-02-13 06:30:03,144,15.5
2015-02-13 06:45:03,349.6,15.41
2015-02-13 07:00:04,478,15.32
2015-02-13 07:15:04,584,16.87
2015-02-13 07:30:03,610,18.222
2015-02-13 07:45:04,628,19.18
2015-02-13 08:00:04,639.3,20.29
2015-02-13 08:15:04,758.1,21.24
2015-02-13 08:30:04,759.1,22.27
2015-02-13 08:45:04,758.4,22.27
2015-02-13 09:00:03,758.1,21.92
2015-02-13 09:15:03,758.5,21.84
2015-02-13 09:30:04,758.1,21.66
2015-02-13 09:45:03,758,21.58
2015-02-13 10:00:03,757.9,21.41
2015-02-13 10:15:03,758,21.15
2015-02-13 10:30:04,758,20.98
2015-02-13 10:45:04,757.1,20.63
2015-02-13 11:00:04,756.9,20.29
2015-02-13 11:15:04,757,19.796
2015-02-13 11:30:04,755,19.44
2015-02-13 11:45:04,746.9,19.001
2015-02-13 12:00:03,740.1,18.58
2015-02-13 12:15:04,632,18.168
2015-02-13 12:30:04,703,17.9
2015-02-13 12:45:04,689.6,17.64
2015-02-13 13:00:03,694.1,17.47
2015-02-13 13:15:03,681,17.3
2015-02-13 13:30:04,717,17.13
2015-02-13 13:45:04,683,17.022
2015-02-13 14:00:03,671,16.87
2015-02-13 14:15:04,652,16.7
2015-02-13 14:30:04,612,16.53
2015-02-13 14:45:03,582.2,16.35
2015-02-13 15:00:03,542,16.18
2015-02-13 15:15:03,506.9,15.938
2015-02-13 15:30:04,440.7,15.84
2015-02-13 15:45:04,451.5,15.67
2015-02-13 16:00:04,434,15.5
2015-02-13 16:15:03,403,15.41
2015-02-13 16:30:04,343,15.24
2015-02-13 16:45:04,276.5,15.126
2015-02-13 17:00:04,186.9,14.98
2015-02-13 17:15:05,71,14.89
2015-02-13 17:30:04,14,14.81
2015-02-13 17:45:04,0,14.72
2015-02-13 18:00:04,0,14.55
2015-02-13 18:15:04,0,14.46
2015-02-13 18:30:03,0,14.38
2015-02-13 18:45:04,0,14.29
2015-02-13 19:00:04,0,14.2
2015-02-13 19:15:03,0,14.12
2015-02-13 19:30:04,0,14.03
2015-02-13 19:45:04,0,13.94
2015-02-13 20:00:04,0,13.86
2015-02-13 20:15:03,0,13.77
2015-02-13 20:30:03,0,13.689
2015-02-13 20:45:04,0,13.6
2015-02-13 21:00:04,0,13.51
2015-02-13 21:15:04,0,13.42
2015-02-13 21:30:03,0,13.34
2015-02-13 21:45:03,0,13.25
2015-02-13 22:00:04,0,13.25
2015-02-13 22:15:04,0,13.195
2015-02-13 22:30:04,0,13.08
2015-02-13 22:45:03,0,12.99
2015-02-13 23:00:03,0,12.9
2015-02-13 23:15:03,0,12.82
2015-02-13 23:30:03,0,12.73
2015-02-13 23:45:04,505.1,12.99
2015-02-14 00:00:04,511.4,16.01
2015-02-14 00:15:03,512,17.21
2015-02-14 00:30:04,508.5,19.107
2015-02-14 00:45:04,503.6,20.12
2015-02-14 01:00:03,503.7,21.06
2015-02-14 01:15:03,0,20.98
2015-02-14 01:30:03,0,19.26
2015-02-14 01:45:04,0,18.15
2015-02-14 02:00:04,0,17.3
2015-02-14 02:15:04,0,16.61
2015-02-14 02:30:04,0,16.1
2015-02-14 02:45:04,0,15.58
2015-02-14 03:00:04,0,15.15
2015-02-14 03:15:04,0,14.81
2015-02-14 03:30:04,0,14.55
2015-02-14 03:45:04,0,14.308
2015-02-14 04:00:03,0,14.12
2015-02-14 04:15:03,0,13.94
2015-02-14 04:30:03,0,13.77
2015-02-14 04:45:03,0,13.6
2015-02-14 05:00:04,0,13.51
2015-02-14 05:15:03,0,13.34
2015-02-14 05:30:03,0,13.25
2015-02-14 05:45:04,0,13.08
2015-02-14 06:00:04,0,12.99
2015-02-14 06:15:04,30,12.9
2015-02-14 06:30:04,157,12.82
2015-02-14 06:45:04,300,12.73
2015-02-14 07:00:04,420,12.64
2015-02-14 07:15:04,460,12.64
2015-02-14 07:30:04,477,12.64
2015-02-14 07:45:04,486,12.55
2015-02-14 08:00:04,502,12.47
2015-02-14 08:15:04,730.9,12.51
2015-02-14 08:30:04,751,12.82
2015-02-14 08:45:03,752,13.42
2015-02-14 09:00:03,751.8,13.94
2015-02-14 09:15:03,752.6,14.38
2015-02-14 09:30:03,752.7,14.81
2015-02-14 09:45:04,753,15.07
2015-02-14 10:00:03,753,15.24
2015-02-14 10:15:04,753.2,15.41
2015-02-14 10:30:04,753.5,15.58
2015-02-14 10:45:04,753.7,15.75
2015-02-14 11:00:04,756,17.47
2015-02-14 11:15:04,756.1,18.795
2015-02-14 11:30:04,745,19.95
2015-02-14 11:45:04,732,20.55
2015-02-14 12:00:04,726.4,20.81
2015-02-14 12:15:04,712.1,21.036
2015-02-14 12:30:03,683,20.72
2015-02-14 12:45:04,639,20.46
2015-02-14 13:00:04,630,20.38
2015-02-14 13:15:04,618,20.46
2015-02-14 13:30:04,609,20.46
2015-02-14 13:45:03,616.9,20.469
2015-02-14 14:00:04,623,20.63
2015-02-14 14:15:04,628.4,20.63
2015-02-14 14:30:04,632,20.72
2015-02-14 14:45:04,630,21.49
2015-02-14 15:00:04,628.4,21.92
2015-02-14 15:15:04,624,22.1
2015-02-14 15:30:04,533.9,22.35
2015-02-14 15:45:04,607,22.53
2015-02-14 16:00:04,590,22.61
2015-02-14 16:15:04,565,22.61
2015-02-14 16:30:04,528,22.87
2015-02-14 16:45:04,420,22.87
2015-02-14 17:00:04,336.9,22.977
2015-02-14 17:15:05,528.2,23.04
2015-02-14 17:30:04,500,23.22
2015-02-14 17:45:04,497.2,23.13
2015-02-14 18:00:04,496.3,23.04
2015-02-14 18:15:04,499.8,23.139
2015-02-14 18:30:04,499,23.04
2015-02-14 18:45:03,499.2,23.13
2015-02-14 19:00:04,506.1,23.13
2015-02-14 19:15:04,501.8,23.066
2015-02-14 19:30:04,498.6,23.13
2015-02-14 19:45:04,506.9,23.04
2015-02-14 20:00:03,503.2,23.13
2015-02-14 20:15:03,499.9,22.968
2015-02-14 20:30:04,496.1,22.96
2015-02-14 20:45:04,498.5,23.22
2015-02-14 21:00:04,499.4,23.3
2015-02-14 21:15:04,490.8,23.39
2015-02-14 21:30:04,493.5,23.39
2015-02-14 21:45:03,0,23.309
2015-02-14 22:00:04,0,23.3
2015-02-14 22:15:03,51.8,23.3
2015-02-14 22:30:03,286.7,23.13
2015-02-14 22:45:04,0,23.48
2015-02-14 23:00:04,0,23.3
2015-02-14 23:15:04,0,23.22
2015-02-14 23:30:04,0,23.13
2015-02-14 23:45:04,0,23.112
2015-02-15 00:00:04,0,23.13
2015-02-15 00:15:04,0,23.04
2015-02-15 00:30:04,0,23.48
2015-02-15 00:45:04,0,23.632
2015-02-15 01:00:04,0,22.1
2015-02-15 01:15:04,0,20.899
2015-02-15 01:30:04,0,20.03
2015-02-15 01:45:04,0,19.26
2015-02-15 02:00:04,0,18.678
2015-02-15 02:15:04,0,18.159
2015-02-15 02:30:03,0,17.81
2015-02-15 02:45:04,0,17.38
2015-02-15 03:00:04,0,17.04
2015-02-15 03:15:04,0,16.7
2015-02-15 03:30:04,0,16.44
2015-02-15 03:45:04,0,16.18
2015-02-15 04:00:04,0,15.93
2015-02-15 04:15:04,0,15.67
2015-02-15 04:30:03,0,15.5
2015-02-15 04:45:03,0,15.32
2015-02-15 05:00:04,0,15.15
2015-02-15 05:15:04,0,14.98
2015-02-15 05:30:03,0,14.89
2015-02-15 05:45:04,0,14.72
2015-02-15 06:00:04,0,14.55
2015-02-15 06:15:03,24,14.38
2015-02-15 06:30:04,122.5,14.29
2015-02-15 06:45:03,263,14.152
2015-02-15 07:00:04,379.1,14.12
2015-02-15 07:15:03,437,14.03
2015-02-15 07:30:03,470,13.958
2015-02-15 07:45:04,490.9,13.949
2015-02-15 08:00:04,513,13.86
2015-02-15 08:15:03,655,13.86
2015-02-15 08:30:04,743.5,14.12
2015-02-15 08:45:04,752,14.55
2015-02-15 09:00:03,753,15.07
2015-02-15 09:15:04,748.3,15.41
2015-02-15 09:30:04,743.3,15.67
2015-02-15 09:45:03,738,16.01
2015-02-15 10:00:03,733,16.18
2015-02-15 10:15:04,725.1,16.27
2015-02-15 10:30:03,714,16.35
2015-02-15 10:45:04,691.4,16.326
2015-02-15 11:00:04,664.8,16.278
2015-02-15 11:15:04,635,16.148
2015-02-15 11:30:04,731,16.027
2015-02-15 11:45:03,717,17.55
2015-02-15 12:00:03,712,18.41
2015-02-15 12:15:04,701,19.01
2015-02-15 12:30:04,691,19.61
2015-02-15 12:45:04,660.8,20.039
2015-02-15 13:00:04,651,20.46
2015-02-15 13:15:04,639.9,20.72
2015-02-15 13:30:04,633.7,20.98
2015-02-15 13:45:04,632,21.15
2015-02-15 14:00:04,632,21.58
2015-02-15 14:15:03,628,22.01
2015-02-15 14:30:03,640,22.1
2015-02-15 14:45:03,623,22.44
2015-02-15 15:00:03,617,22.53
2015-02-15 15:15:04,609.3,22.7
2015-02-15 15:30:04,601.1,22.78
2015-02-15 15:45:04,589.2,23.13
2015-02-15 16:00:04,570.7,23.102
2015-02-15 16:15:04,542,23.04
2015-02-15 16:30:03,497,23.318
2015-02-15 16:45:04,404.2,22.968
2015-02-15 17:00:04,556.9,23.22
2015-02-15 17:15:04,524.7,23.74
2015-02-15 17:30:04,520.8,23.22
2015-02-15 17:45:03,514.5,23.578
2015-02-15 18:00:04,511.4,23.39
2015-02-15 18:15:04,507.4,23.39
2015-02-15 18:30:03,511,23.04
2015-02-15 18:45:04,509.9,22.96
2015-02-15 19:00:04,508.1,22.96
2015-02-15 19:15:04,508.6,22.27
2015-02-15 19:30:04,500.6,22.18
2015-02-15 19:45:04,508.7,22.78
2015-02-15 20:00:04,516,22.53
2015-02-15 20:15:04,509.9,22.78
2015-02-15 20:30:04,510.7,22.976
2015-02-15 20:45:04,511.8,23.65
2015-02-15 21:00:03,506.1,23.058
2015-02-15 21:15:04,503.6,23.788
2015-02-15 21:30:04,501.8,24
2015-02-15 21:45:03,497.4,24
2015-02-15 22:00:04,502.8,24
2015-02-15 22:15:04,501.2,24.78
2015-02-15 22:30:03,498,24.26
2015-02-15 22:45:03,508.9,24.26
2015-02-15 23:00:04,508,24.17
2015-02-15 23:15:05,502.1,24.08
2015-02-15 23:30:04,496.6,24.502
2015-02-15 23:45:04,503.7,24.233
2015-02-16 00:00:04,502.2,24.78
2015-02-16 00:15:04,504.4,24.43
2015-02-16 00:30:04,0,23.56
2015-02-16 00:45:03,0,22.27
2015-02-16 01:00:04,0,21.15
2015-02-16 01:15:04,0,20.29
2015-02-16 01:30:03,0,19.52
2015-02-16 01:45:03,0,18.92
2015-02-16 02:00:04,0,18.32
2015-02-16 02:15:03,0,17.9
2015-02-16 02:30:04,0,17.47
2015-02-16 02:45:03,0,17.13
2015-02-16 03:00:04,0,16.78
2015-02-16 03:15:04,0,16.53
2015-02-16 03:30:04,0,16.27
2015-02-16 03:45:04,0,16.01
2015-02-16 04:00:04,0,15.75
2015-02-16 04:15:04,0,15.5
2015-02-16 04:30:03,0,15.32
2015-02-16 04:45:04,0,15.134
2015-02-16 05:00:04,0,14.89
2015-02-16 05:15:04,0,14.72
2015-02-16 05:30:04,0,14.55
2015-02-16 05:45:04,0,14.38
2015-02-16 06:00:03,0,14.29
2015-02-16 06:15:03,36,14.12
2015-02-16 06:30:03,182,14.03
2015-02-16 06:45:04,351.9,13.94
2015-02-16 07:00:04,504,13.86
2015-02-16 07:15:04,493.2,13.868
2015-02-16 07:30:04,515,13.77
2015-02-16 07:45:04,512.8,14.81
2015-02-16 08:00:04,579,16.7
2015-02-16 08:15:04,681.6,18.15
2015-02-16 08:30:04,756,18.75
2015-02-16 08:45:03,755.9,18.58
2015-02-16 09:00:04,755.3,18.24
2015-02-16 09:15:04,755,17.98
2015-02-16 09:30:04,755,17.98
2015-02-16 09:45:04,755.1,18.134
2015-02-16 10:00:04,755.2,18.24
2015-02-16 10:15:04,755.2,18.24
2015-02-16 10:30:04,754.8,18.15
2015-02-16 10:45:03,755,17.9
2015-02-16 11:00:04,755,17.64
2015-02-16 11:15:03,755,17.38
2015-02-16 11:30:04,722,17.121
2015-02-16 11:45:03,682.7,16.78
2015-02-16 12:00:04,692,16.53
2015-02-16 12:15:03,683.9,16.368
2015-02-16 12:30:04,660,16.44
2015-02-16 12:45:04,640,16.1
2015-02-16 13:00:03,645,15.84
2015-02-16 13:15:03,640,15.58
2015-02-16 13:30:03,629.3,15.41
2015-02-16 13:45:04,640.6,15.24
2015-02-16 14:00:04,634,15.07
2015-02-16 14:15:04,613,14.89
2015-02-16 14:30:04,610,14.72
2015-02-16 14:45:04,609,14.55
2015-02-16 15:00:04,609,14.46
2015-02-16 15:15:03,598.5,14.38
2015-02-16 15:30:04,591,14.29
2015-02-16 15:45:04,575,14.2
2015-02-16 16:00:04,554,14.12
2015-02-16 16:15:04,525.1,14.03
2015-02-16 16:30:03,459,13.976
2015-02-16 16:45:04,375,13.924
2015-02-16 17:00:03,285,13.77
2015-02-16 17:15:04,161.3,13.77
2015-02-16 17:30:04,40,13.68
2015-02-16 17:45:04,1,13.6
2015-02-16 18:00:04,0,13.51
2015-02-16 18:15:04,0,13.51
2015-02-16 18:30:04,0,13.429
2015-02-16 18:45:03,0,13.42
2015-02-16 19:00:03,0,13.34
2015-02-16 19:15:03,0,13.25
2015-02-16 19:30:04,0,13.16
2015-02-16 19:45:03,0,13.16
2015-02-16 20:00:04,0,13.08
2015-02-16 20:15:04,0,12.99
2015-02-16 20:30:04,0,12.9
2015-02-16 20:45:04,0,12.9
2015-02-16 21:00:03,0,12.82
2015-02-16 21:15:04,0,12.793
2015-02-16 21:30:04,0,12.73
2015-02-16 21:45:03,0,12.712
2015-02-16 22:00:04,0,12.64
2015-02-16 22:15:03,0,12.55
2015-02-16 22:30:04,0,12.478
2015-02-16 22:45:04,0,12.47
2015-02-16 23:00:04,300.9,14.254
2015-02-16 23:15:05,306.4,15.84
2015-02-16 23:30:04,291.6,17.3
2015-02-16 23:45:04,289.1,18.32
2015-02-17 00:00:04,282.5,19.26
2015-02-17 00:15:03,287.1,19.78
2015-02-17 00:30:04,284.6,20.12
2015-02-17 00:45:04,0,19.26
2015-02-17 01:00:04,0,18.24
2015-02-17 01:15:04,0,17.47
2015-02-17 01:30:03,0,16.87
2015-02-17 01:45:04,0,16.35
2015-02-17 02:00:03,0,15.84
2015-02-17 02:15:04,0,15.5
2015-02-17 02:30:04,0,15.15
2015-02-17 02:45:03,0,14.89
2015-02-17 03:00:04,0,14.63
2015-02-17 03:15:03,0,14.46
2015-02-17 03:30:04,0,14.2
2015-02-17 03:45:04,0,14.03
2015-02-17 04:00:03,0,13.86
2015-02-17 04:15:04,0,13.68
2015-02-17 04:30:04,0,13.6
2015-02-17 04:45:04,0,13.42
2015-02-17 05:00:04,0,13.34
2015-02-17 05:15:04,0,13.25
2015-02-17 05:30:04,0,13.16
2015-02-17 05:45:04,0,13.16
2015-02-17 06:00:04,0,12.99
2015-02-17 06:15:04,7,12.918
2015-02-17 06:30:04,27,12.9
2015-02-17 06:45:04,47,12.82
2015-02-17 07:00:04,73.3,12.73
2015-02-17 07:15:04,99,12.73
2015-02-17 07:30:03,239,12.64
2015-02-17 07:45:04,217.7,13.94
2015-02-17 08:00:04,230,15.75
2015-02-17 08:15:04,134.2,17.21
2015-02-17 08:30:04,178,18.58
2015-02-17 08:45:03,267,19.35
2015-02-17 09:00:04,291,20.29
2015-02-17 09:15:04,459.2,20.899
2015-02-17 09:30:03,432.8,21.58
2015-02-17 09:45:04,513,22.1
2015-02-17 10:00:03,567.4,22.404
2015-02-17 10:15:04,534.3,22.61
2015-02-17 10:30:04,589,22.96
2015-02-17 10:45:04,604,22.87
2015-02-17 11:00:04,538.4,22.96
2015-02-17 11:15:04,578,23.22
2015-02-17 11:30:04,627,22.977
2015-02-17 11:45:03,647.8,22.789
2015-02-17 12:00:03,592,21.75
2015-02-17 12:15:04,532.9,20.55
2015-02-17 12:30:03,518,19.52
2015-02-17 12:45:04,527.1,18.67
2015-02-17 13:00:04,516.6,18.07
2015-02-17 13:15:04,522,17.55
2015-02-17 13:30:04,508,17.04
2015-02-17 13:45:04,493,16.7
2015-02-17 14:00:04,437,16.35
2015-02-17 14:15:04,434,16.01
2015-02-17 14:30:03,441,15.67
2015-02-17 14:45:03,498,15.41
2015-02-17 15:00:04,458,15.15
2015-02-17 15:15:04,435,14.98
2015-02-17 15:30:04,413,14.72
2015-02-17 15:45:03,365,14.558
2015-02-17 16:00:03,298,14.38
2015-02-17 16:15:03,222.9,14.2
2015-02-17 16:30:03,210,14.03
2015-02-17 16:45:03,162,13.86
2015-02-17 17:00:04,103,13.77
2015-02-17 17:15:04,39.9,13.6
2015-02-17 17:30:04,12,13.51
2015-02-17 17:45:04,0,13.348
2015-02-17 18:00:04,0,13.25
2015-02-17 18:15:04,0,13.16
2015-02-17 18:30:04,0,13.08
2015-02-17 18:45:03,0,12.99
2015-02-17 19:00:04,0,12.9
2015-02-17 19:15:03,0,12.82
2015-02-17 19:30:03,0,12.73
2015-02-17 19:45:03,0,12.64
2015-02-17 20:00:03,0,12.55
2015-02-17 20:15:03,0,12.534
2015-02-17 20:30:04,0,12.47
2015-02-17 20:45:04,0,12.38
2015-02-17 21:00:03,0,12.29
2015-02-17 21:15:04,0,12.218
2015-02-17 21:30:03,0,12.2
2015-02-17 21:45:04,0,12.12
2015-02-17 22:00:04,0,12.111
2015-02-17 22:15:04,0,12.03
2015-02-17 22:30:03,0,11.94
2015-02-17 22:45:03,0,11.94
2015-02-17 23:00:04,272.9,12.12
2015-02-17 23:15:05,293.1,14.818
2015-02-17 23:30:05,290.2,16.18
2015-02-17 23:45:04,289.9,17.55
2015-02-18 00:00:04,286.4,18.58
2015-02-18 00:15:04,290.3,19.52
2015-02-18 00:30:03,289.4,20.039
2015-02-18 00:45:04,0,19.95
2015-02-18 01:00:03,0,18.58
2015-02-18 01:15:04,0,17.64
2015-02-18 01:30:04,0,16.87
2015-02-18 01:45:04,0,16.198
2015-02-18 02:00:04,0,15.67
2015-02-18 02:15:04,0,15.24
2015-02-18 02:30:03,0,14.89
2015-02-18 02:45:03,0,14.55
2015-02-18 03:00:04,0,14.236
2015-02-18 03:15:04,0,14.03
2015-02-18 03:30:04,0,13.77
2015-02-18 03:45:03,0,13.6
2015-02-18 04:00:03,0,13.42
2015-02-18 04:15:04,0,13.25
2015-02-18 04:30:04,0,13.08
2015-02-18 04:45:04,0,12.99
2015-02-18 05:00:04,0,12.82
2015-02-18 05:15:04,0,12.73
2015-02-18 05:30:04,0,12.64
2015-02-18 05:45:03,0,12.55
2015-02-18 06:00:04,0,12.47
2015-02-18 06:15:03,1,12.38
2015-02-18 06:30:04,20,12.29
2015-02-18 06:45:03,48.1,12.2
2015-02-18 07:00:03,96.4,12.2
2015-02-18 07:15:04,125,12.12
2015-02-18 07:30:04,238.4,12.03
2015-02-18 07:45:04,254,13.25
2015-02-18 08:00:04,325.5,14.89
2015-02-18 08:15:04,317,16.7
2015-02-18 08:30:04,334,18.07
2015-02-18 08:45:03,435,17.64
2015-02-18 09:00:03,431.3,16.53
2015-02-18 09:15:04,417.6,15.75
2015-02-18 09:30:04,453,15.15
2015-02-18 09:45:04,408,14.72
2015-02-18 10:00:04,392.8,14.29
2015-02-18 10:15:04,405,14.03
2015-02-18 10:30:04,502,13.77
2015-02-18 10:45:04,590,13.51
2015-02-18 11:00:04,521,13.34
2015-02-18 11:15:03,563.5,13.16
2015-02-18 11:30:03,538,12.99
2015-02-18 11:45:03,472.6,12.82
2015-02-18 12:00:04,394,12.73
2015-02-18 12:15:04,405.8,12.55
2015-02-18 12:30:03,418,12.47
2015-02-18 12:45:04,401.8,12.29
2015-02-18 13:00:03,476.9,12.2
2015-02-18 13:15:04,560,12.12
2015-02-18 13:30:04,476,12.12
2015-02-18 13:45:04,483,12.03
2015-02-18 14:00:04,454,11.85
2015-02-18 14:15:04,426,11.818
2015-02-18 14:30:03,324.7,11.761
2015-02-18 14:45:04,336,11.617
2015-02-18 15:00:04,334.1,11.5
2015-02-18 15:15:04,317.9,11.5
2015-02-18 15:30:04,382.2,11.41
2015-02-18 15:45:04,372,11.33
2015-02-18 16:00:03,286.9,11.24
2015-02-18 16:15:04,263,11.24
2015-02-18 16:30:03,242.1,11.15
2015-02-18 16:45:04,224.9,11.132
2015-02-18 17:00:04,177.4,11.06
2015-02-18 17:15:03,60,10.97
2015-02-18 17:30:03,14,10.97
2015-02-18 17:45:04,0.7,10.89
2015-02-18 18:00:04,0,10.89
2015-02-18 18:15:04,0,10.8
2015-02-18 18:30:03,0,10.8
2015-02-18 18:45:03,0,10.8
2015-02-18 19:00:04,0,10.71
2015-02-18 19:15:04,0,10.71
2015-02-18 19:30:04,0,10.71
2015-02-18 19:45:04,0,10.71
2015-02-18 20:00:04,0,10.629
2015-02-18 20:15:04,0,10.62
2015-02-18 20:30:04,0,10.62
2015-02-18 20:45:04,0,10.53
2015-02-18 21:00:04,0,10.53
2015-02-18 21:15:04,0,10.53
2015-02-18 21:30:03,0,10.53
2015-02-18 21:45:04,0,10.53
2015-02-18 22:00:04,0,10.53
2015-02-18 22:15:04,0,10.53
2015-02-18 22:30:04,0,10.53
2015-02-18 22:45:03,0,10.53
2015-02-18 23:00:04,0,10.53
2015-02-18 23:15:06,0,10.458
2015-02-18 23:30:04,513.1,10.656
2015-02-18 23:45:04,520.4,10.8
2015-02-19 00:00:04,521.6,11.321
2015-02-19 00:15:03,0,12.38
2015-02-19 00:30:04,0,12.12
2015-02-19 00:45:04,0,11.94
2015-02-19 01:00:04,0,11.94
2015-02-19 01:15:04,0,14.03
2015-02-19 01:30:03,0,15.41
2015-02-19 01:45:04,0,16.682
2015-02-19 02:00:03,0,17.696
2015-02-19 02:15:04,0,18.32
2015-02-19 02:30:04,0,18.92
2015-02-19 02:45:04,0,19.413
2015-02-19 03:00:04,0,19.878
2015-02-19 03:15:04,0,20.29
2015-02-19 03:30:04,0,20.63
2015-02-19 03:45:03,0,20.98
2015-02-19 04:00:03,0,21.24
2015-02-19 04:15:04,0,21.49
2015-02-19 04:30:04,0,21.75
2015-02-19 04:45:04,0,21.84
2015-02-19 05:00:04,0,22.01
2015-02-19 05:15:04,0,22.302
2015-02-19 05:30:04,0,22.53
2015-02-19 05:45:04,0,22.61
2015-02-19 06:00:04,0.9,22.7
2015-02-19 06:15:04,49.5,22.78
2015-02-19 06:30:04,193,22.96
2015-02-19 06:45:04,344,23.13
2015-02-19 07:00:03,552.4,23.13
2015-02-19 07:15:04,497.9,23.39
2015-02-19 07:30:03,518,23.13
2015-02-19 07:45:04,533.4,23.04
2015-02-19 08:00:03,667,22.87
2015-02-19 08:15:03,713,23.48
2015-02-19 08:30:04,759.8,23.22
2015-02-19 08:45:04,759,22.35
2015-02-19 09:00:03,759,21.965
2015-02-19 09:15:04,758.8,21.75
2015-02-19 09:30:04,757.9,21.41
2015-02-19 09:45:04,757.9,21.15
2015-02-19 10:00:03,757.9,20.89
2015-02-19 10:15:04,757.2,20.63
2015-02-19 10:30:03,756.9,20.29
2015-02-19 10:45:04,756.7,19.86
2015-02-19 11:00:04,756.1,19.44
2015-02-19 11:15:04,756,18.92
2015-02-19 11:30:03,751,18.32
2015-02-19 11:45:04,738.7,17.9
2015-02-19 12:00:03,731,17.452
2015-02-19 12:15:03,716,17.04
2015-02-19 12:30:03,690,16.7
2015-02-19 12:45:04,660,16.44
2015-02-19 13:00:04,647,16.18
2015-02-19 13:15:04,638,15.93
2015-02-19 13:30:04,639,15.75
2015-02-19 13:45:04,642.8,15.549
2015-02-19 14:00:03,646.9,15.41
2015-02-19 14:15:04,648,15.24
2015-02-19 14:30:03,648.8,15.094
2015-02-19 14:45:03,650,14.98
2015-02-19 15:00:04,635.4,14.89
2015-02-19 15:15:03,541.9,14.72
2015-02-19 15:30:04,632,14.63
2015-02-19 15:45:04,621.1,14.55
2015-02-19 16:00:04,609,14.46
2015-02-19 16:15:03,592,14.38
2015-02-19 16:30:04,508,14.29
2015-02-19 16:45:03,485,14.12
2015-02-19 17:00:04,394,14.03
2015-02-19 17:15:04,260,13.918
2015-02-19 17:30:04,82,13.77
2015-02-19 17:45:04,4,13.68
2015-02-19 18:00:04,0,13.51
2015-02-19 18:15:03,0,13.42
2015-02-19 18:30:04,0,13.34
2015-02-19 18:45:04,0,13.241
2015-02-19 19:00:04,0,13.16
2015-02-19 19:15:04,0,13.08
2015-02-19 19:30:03,0,12.99
2015-02-19 19:45:04,0,12.9
2015-02-19 20:00:03,0,12.837
2015-02-19 20:15:04,0,12.739
2015-02-19 20:30:04,0,12.73
2015-02-19 20:45:04,0,12.64
2015-02-19 21:00:04,0,12.64
2015-02-19 21:15:04,0,12.55
2015-02-19 21:30:04,508.9,12.73
2015-02-19 21:45:04,516.1,14.72
2015-02-19 22:00:04,519.2,16.7
2015-02-19 22:15:03,518.7,17.9
2015-02-19 22:30:04,504.9,18.92
2015-02-19 22:45:04,508.1,19.78
2015-02-19 23:00:04,487.5,20.38
2015-02-19 23:15:05,516.1,20.98
2015-02-19 23:30:04,514.4,21.32
2015-02-19 23:45:04,0,20.21
2015-02-20 00:00:04,0,19.18
2015-02-20 00:15:04,0,18.32
2015-02-20 00:30:04,0,17.64
2015-02-20 00:45:04,0,17.04
2015-02-20 01:00:04,0,16.53
2015-02-20 01:15:04,0,16.1
2015-02-20 01:30:03,0,15.75
2015-02-20 01:45:04,0,15.41
2015-02-20 02:00:04,0,15.15
2015-02-20 02:15:04,0,14.98
2015-02-20 02:30:03,0,14.72
2015-02-20 02:45:03,0,14.55
2015-02-20 03:00:04,0,14.38
2015-02-20 03:15:04,0,14.2
2015-02-20 03:30:03,0,14.03
2015-02-20 03:45:04,0,13.924
2015-02-20 04:00:04,0,13.77
2015-02-20 04:15:04,0,13.68
2015-02-20 04:30:04,0,13.6
2015-02-20 04:45:04,0,13.51
2015-02-20 05:00:03,0,13.51
2015-02-20 05:15:04,0,16.1
2015-02-20 05:30:04,0,17.604
2015-02-20 05:45:05,0,18.84
2015-02-20 06:00:06,1.8,19.52
2015-02-20 06:15:05,55,20.38
2015-02-20 06:30:04,196,20.89
2015-02-20 06:45:04,312.9,21.49
2015-02-20 07:00:05,533.2,22.01
2015-02-20 07:15:04,453.4,22.7
2015-02-20 07:30:05,483.1,22.7
2015-02-20 07:45:04,509,22.44
2015-02-20 08:00:04,521.8,22.61
2015-02-20 08:15:05,680.1,22.53
2015-02-20 08:30:05,757.3,21.41
2015-02-20 08:45:04,757.3,21.15
2015-02-20 09:00:05,757.2,20.908
2015-02-20 09:15:04,757.2,20.81
2015-02-20 09:30:05,757.5,20.711
2015-02-20 09:45:04,757.2,20.55
2015-02-20 10:00:06,756.7,20.38
2015-02-20 10:15:05,756.9,20.174
2015-02-20 10:30:04,756.7,19.86
2015-02-20 10:45:04,756.2,19.61
2015-02-20 11:00:05,750,19.26
2015-02-20 11:15:05,733,18.84
2015-02-20 11:30:04,705,18.41
2015-02-20 11:45:05,714,18.07
2015-02-20 12:00:05,720,17.72
2015-02-20 12:15:04,711,17.47
2015-02-20 12:30:05,656.1,17.154
2015-02-20 12:45:05,634,16.87
2015-02-20 13:00:04,645,16.61
2015-02-20 13:15:04,639,16.431
2015-02-20 13:30:04,589.5,16.18
2015-02-20 13:45:04,569,16.01
2015-02-20 14:00:04,564,15.84
2015-02-20 14:15:05,646.6,15.75
2015-02-20 14:30:04,641,15.67
2015-02-20 14:45:05,605,15.58
2015-02-20 15:00:05,533,15.5
2015-02-20 15:15:05,623.5,15.41
2015-02-20 15:30:05,628.3,15.329
2015-02-20 15:45:05,604.6,15.32
2015-02-20 16:00:05,569,15.24
2015-02-20 16:15:04,518,15.15
2015-02-20 16:30:04,438,14.98
2015-02-20 16:45:04,375,14.98
2015-02-20 17:00:05,329,14.81
2015-02-20 17:15:04,222,14.711
2015-02-20 17:30:04,72,14.55
2015-02-20 17:45:04,2.5,14.46
2015-02-20 18:00:04,0,14.29
2015-02-20 18:15:05,0,14.2
2015-02-20 18:30:04,0,14.093
2015-02-20 18:45:04,0,13.94
2015-02-20 19:00:04,0,13.94
2015-02-20 19:15:05,0,13.86
2015-02-20 19:30:05,0,13.77
2015-02-20 19:45:04,0,13.68
2015-02-20 20:00:05,0,13.6
2015-02-20 20:15:05,0,13.519
2015-02-20 20:30:04,0,13.51
2015-02-20 20:45:07,0,13.42
2015-02-20 21:00:05,0,13.34
2015-02-20 21:15:04,0,13.25
2015-02-20 21:30:05,0,13.196
2015-02-20 21:45:04,0,13.16
2015-02-20 22:00:04,0,13.08
2015-02-20 22:15:04,0,12.99
2015-02-20 22:30:04,0,12.99
2015-02-20 22:45:05,0,12.9
2015-02-20 23:00:04,0,12.9
2015-02-20 23:15:05,0,12.82
2015-02-20 23:30:04,0,12.811
2015-02-20 23:45:04,512.9,12.927
2015-02-21 00:00:07,518.1,15.32
2015-02-21 00:15:05,515.5,17.13
2015-02-21 00:30:05,514.5,18.49
2015-02-21 00:45:04,513.1,19.61
2015-02-21 01:00:04,507.3,20.63
2015-02-21 01:15:05,514.5,20.98
2015-02-21 01:30:04,510,21.49
2015-02-21 01:45:04,512.8,21.84
2015-02-21 02:00:04,512.2,22.27
2015-02-21 02:15:04,510.2,22.53
2015-02-21 02:30:04,503.4,22.748
2015-02-21 02:45:05,507.9,23.04
2015-02-21 03:00:05,508.5,23.22
2015-02-21 03:15:04,508.8,23.919
2015-02-21 03:30:05,0,23.56
2015-02-21 03:45:05,0,21.84
2015-02-21 04:00:05,0,20.63
2015-02-21 04:15:04,0,19.69
2015-02-21 04:30:05,0,18.92
2015-02-21 04:45:04,0,18.24
2015-02-21 05:00:05,0,17.72
2015-02-21 05:15:04,0,17.21
2015-02-21 05:30:04,0,16.87
2015-02-21 05:45:05,0,16.53
2015-02-21 06:00:04,4,16.18
2015-02-21 06:15:05,69.9,15.93
2015-02-21 06:30:05,215,15.67
2015-02-21 06:45:05,350,15.41
2015-02-21 07:00:04,594,15.312
2015-02-21 07:15:04,499.3,15.32
2015-02-21 07:30:04,511,15.24
2015-02-21 07:45:05,519,15.07
2015-02-21 08:00:05,534,14.98
2015-02-21 08:15:05,565.5,14.81
2015-02-21 08:30:04,753,14.98
2015-02-21 08:45:05,753.1,15.41
2015-02-21 09:00:05,753.3,15.938
2015-02-21 09:15:05,753.9,16.278
2015-02-21 09:30:05,753.7,16.538
2015-02-21 09:45:05,754.4,16.798
2015-02-21 10:00:06,758.1,19.601
2015-02-21 10:15:05,704.3,20.21
2015-02-21 10:30:05,704.8,21.06
2015-02-21 10:45:05,717.2,21.41
2015-02-21 11:00:05,758.1,21.92
2015-02-21 11:15:05,741.3,22.44
2015-02-21 11:30:04,714,22.61
2015-02-21 11:45:05,715,22.61
2015-02-21 12:00:05,703,22.7
2015-02-21 12:15:07,650,22.44
2015-02-21 12:30:04,645,21.32
2015-02-21 12:45:05,627.9,20.38
2015-02-21 13:00:05,613,19.61
2015-02-21 13:15:04,636,19.01
2015-02-21 13:30:04,632,18.41
2015-02-21 13:45:05,633.2,18.07
2015-02-21 14:00:07,623,17.64
2015-02-21 14:15:05,622,17.3
2015-02-21 14:30:05,622.3,17.04
2015-02-21 14:45:04,624,16.78
2015-02-21 15:00:05,607.1,16.538
2015-02-21 15:15:05,606,16.44
2015-02-21 15:30:05,593,16.27
2015-02-21 15:45:05,580.9,16.1
2015-02-21 16:00:04,546,15.93
2015-02-21 16:15:05,540,15.84
2015-02-21 16:30:05,466,15.67
2015-02-21 16:45:04,441,15.5
2015-02-21 17:00:04,327,15.32
2015-02-21 17:15:04,188,15.24
2015-02-21 17:30:04,56,15.07
2015-02-21 17:45:05,1.9,14.89
2015-02-21 18:00:05,0,14.792
2015-02-21 18:15:04,0,14.63
2015-02-21 18:30:04,0,14.514
2015-02-21 18:45:05,0,14.404
2015-02-21 19:00:04,0,14.38
2015-02-21 19:15:04,0,14.29
2015-02-21 19:30:04,0,14.2
2015-02-21 19:45:04,0,14.12
2015-02-21 20:00:04,0,14.03
2015-02-21 20:15:04,0,13.967
2015-02-21 20:30:05,0,13.94
2015-02-21 20:45:04,0,13.86
2015-02-21 21:00:05,0,13.77
2015-02-21 21:15:05,0,13.77
2015-02-21 21:30:05,0,13.68
2015-02-21 21:45:04,0,13.68
2015-02-21 22:00:04,0,13.6
2015-02-21 22:15:05,0,13.6
2015-02-21 22:30:04,0,13.51
2015-02-21 22:45:04,0,13.42
2015-02-21 23:00:04,0,13.42
2015-02-21 23:15:05,0,13.42
2015-02-21 23:30:05,0,13.42
2015-02-21 23:45:04,0,13.42
2015-02-22 00:00:11,0,13.34
2015-02-22 00:15:04,321.4,13.42
2015-02-22 00:30:20,326.7,15.24
2015-02-22 00:45:04,262.1,17.076
2015-02-22 01:00:05,258.1,18.49
2015-02-22 01:15:05,259.7,19.44
2015-02-22 01:30:05,0,18.75
2015-02-22 01:45:05,0,17.9
2015-02-22 02:00:05,0,17.21
2015-02-22 02:15:04,0,16.7
2015-02-22 02:30:05,0,16.189
2015-02-22 02:45:04,0,15.84
2015-02-22 03:00:04,0,15.5
2015-02-22 03:15:04,0,15.32
2015-02-22 03:30:05,0,15.07
2015-02-22 03:45:05,0,14.89
2015-02-22 04:00:05,0,14.72
2015-02-22 04:15:05,0,14.55
2015-02-22 04:30:05,0,14.46
2015-02-22 04:45:05,0,14.38
2015-02-22 05:00:05,0,14.29
2015-02-22 05:15:04,0,14.2
2015-02-22 05:30:04,0,14.12
2015-02-22 05:45:04,0,14.03
2015-02-22 06:00:05,0,13.994
2015-02-22 06:15:04,13.9,13.924
2015-02-22 06:30:04,63,13.86
2015-02-22 06:45:05,125.5,13.77
2015-02-22 07:00:05,169.1,13.68
2015-02-22 07:15:05,198.9,13.68
2015-02-22 07:30:04,211,13.608
2015-02-22 07:45:04,224,13.6
2015-02-22 08:00:04,190,13.6
2015-02-22 08:15:05,186.9,13.51
2015-02-22 08:30:05,200,13.42
2015-02-22 08:45:04,206.7,13.42
2015-02-22 09:00:04,203,13.42
2015-02-22 09:15:04,273,13.34
2015-02-22 09:30:05,289,13.34
2015-02-22 09:45:04,320.9,13.34
2015-02-22 10:00:06,344,15.67
2015-02-22 10:15:04,501,17.308
2015-02-22 10:30:05,510.1,18.92
2015-02-22 10:45:05,486.8,19.69
2015-02-22 11:00:05,482,20.55
2015-02-22 11:15:05,568,21.24
2015-02-22 11:30:05,618,21.84
2015-02-22 11:45:05,608,22.1
2015-02-22 12:00:05,557.3,22.359
2015-02-22 12:15:04,594.3,22.61
2015-02-22 12:30:05,598,22.789
2015-02-22 12:45:05,601,23.04
2015-02-22 13:00:05,538.8,22.61
2015-02-22 13:15:05,523,22.44
2015-02-22 13:30:05,532,22.53
2015-02-22 13:45:05,486,22.708
2015-02-22 14:00:04,594.2,22.53
2015-02-22 14:15:05,478,22.172
2015-02-22 14:30:05,474,22.1
2015-02-22 14:45:05,502.8,22.1
2015-02-22 15:00:05,500.9,22.287
2015-02-22 15:15:04,434,22.61
2015-02-22 15:30:05,435.6,22.7
2015-02-22 15:45:05,466.3,22.816
2015-02-22 16:00:04,480,23.39
2015-02-22 16:15:05,470.4,23.309
2015-02-22 16:30:05,393.4,23.39
2015-02-22 16:45:04,397.2,23.65
2015-02-22 17:00:04,191,22.7
2015-02-22 17:15:04,88.9,22.27
2015-02-22 17:30:05,20,22.27
2015-02-22 17:45:05,0.8,22.35
2015-02-22 18:00:04,0,22.01
2015-02-22 18:15:04,0,21.88
2015-02-22 18:30:05,0,22.1
2015-02-22 18:45:05,0,21.84
2015-02-22 19:00:05,0,21.84
2015-02-22 19:15:05,0,21.92
2015-02-22 19:30:05,0,21.84
2015-02-22 19:45:04,0,21.92
2015-02-22 20:00:05,0,21.912
2015-02-22 20:15:05,603,22.35
2015-02-22 20:30:05,601.8,22.78
2015-02-22 20:45:05,603.2,23.04
2015-02-22 21:00:05,596.9,23.399
2015-02-22 21:15:05,600.4,23.56
2015-02-22 21:30:04,597.4,23.65
2015-02-22 21:45:05,596.2,23.56
2015-02-22 22:00:04,593.8,23.65
2015-02-22 22:15:05,599.2,23.56
2015-02-22 22:30:05,607.1,23.65
2015-02-22 22:45:04,596.8,23.48
2015-02-22 23:00:04,588.8,23.48
2015-02-22 23:15:05,597.8,23.56
2015-02-22 23:30:04,596.5,23.56
2015-02-22 23:45:04,600.2,23.56
2015-02-23 00:00:14,591.5,23.91
2015-02-23 00:15:05,597.1,23.91
2015-02-23 00:30:04,597.2,23.946
2015-02-23 00:45:04,0,22.87
2015-02-23 01:00:04,0,21.92
2015-02-23 01:15:04,0,21.15
2015-02-23 01:30:04,0,20.46
2015-02-23 01:45:05,0,19.86
2015-02-23 02:00:04,0,19.44
2015-02-23 02:15:05,0,19.09
2015-02-23 02:30:05,0,18.75
2015-02-23 02:45:05,0,18.49
2015-02-23 03:00:06,0,18.24
2015-02-23 03:15:06,0,17.98
2015-02-23 03:30:06,0,17.72
2015-02-23 03:45:05,0,17.55
2015-02-23 04:00:04,0,17.38
2015-02-23 04:15:05,0,17.13
2015-02-23 04:30:05,0,16.95
2015-02-23 04:45:05,0,16.78
2015-02-23 05:00:05,0,16.7
2015-02-23 05:15:05,0,16.53
2015-02-23 05:30:04,0,16.35
2015-02-23 05:45:04,0,16.27
2015-02-23 06:00:04,0,16.18
2015-02-23 06:15:04,1,16.01
2015-02-23 06:30:05,8,15.93
2015-02-23 06:45:04,25,15.84
2015-02-23 07:00:05,151.7,15.75
2015-02-23 07:15:05,268.3,17.64
2015-02-23 07:30:05,292,18.92
2015-02-23 07:45:05,391.4,19.52
2015-02-23 08:00:04,651.6,18.831
2015-02-23 08:15:05,686.3,18.32
2015-02-23 08:30:05,684,18.07
2015-02-23 08:45:04,657.1,17.72
2015-02-23 09:00:04,720,17.47
2015-02-23 09:15:05,655,17.21
2015-02-23 09:30:06,754.1,17.13
2015-02-23 09:45:05,707.6,17.47
2015-02-23 10:00:06,754.5,17.38
2015-02-23 10:15:05,754.7,17.64
2015-02-23 10:30:05,754.8,17.72
2015-02-23 10:45:04,754.8,17.64
2015-02-23 11:00:04,754.7,17.55
2015-02-23 11:15:04,685,17.47
2015-02-23 11:30:04,747.2,17.38
2015-02-23 11:45:04,732,17.21
2015-02-23 12:00:05,716,17.13
2015-02-23 12:15:05,695.5,17.04
2015-02-23 12:30:04,701,16.95
2015-02-23 12:45:04,675,16.87
2015-02-23 13:00:04,684.5,16.87
2015-02-23 13:15:04,663,16.78
2015-02-23 13:30:05,703,16.78
2015-02-23 13:45:04,678,16.78
2015-02-23 14:00:04,697,16.7
2015-02-23 14:15:05,655,16.7
2015-02-23 14:30:05,634,16.61
2015-02-23 14:45:05,623.9,16.627
2015-02-23 15:00:05,612,16.61
2015-02-23 15:15:04,550,16.53
2015-02-23 15:30:04,560,16.44
2015-02-23 15:45:05,554.9,16.377
2015-02-23 16:00:05,539.2,16.35
2015-02-23 16:15:05,349,16.27
2015-02-23 16:30:05,348,16.18
2015-02-23 16:45:05,82.7,16.1
2015-02-23 17:00:05,38,15.93
2015-02-23 17:15:04,25.1,15.84
2015-02-23 17:30:04,4,15.75
2015-02-23 17:45:04,0,15.67
2015-02-23 18:00:04,0,15.58
2015-02-23 18:15:05,0,15.58
2015-02-23 18:30:05,0,15.5
2015-02-23 18:45:05,0,15.58
2015-02-23 19:00:04,0,15.5
2015-02-23 19:15:04,0,15.482
2015-02-23 19:30:05,0,15.41
2015-02-23 19:45:05,0,15.32
2015-02-23 20:00:04,0,15.32
2015-02-23 20:15:05,0,15.312
2015-02-23 20:30:04,0,15.24
2015-02-23 20:45:05,0,15.15
2015-02-23 21:00:05,0,15.15
2015-02-23 21:15:04,0,15.07
2015-02-23 21:30:04,520.6,15.07
2015-02-23 21:45:05,601.8,17.47
2015-02-23 22:00:04,598.7,18.24
2015-02-23 22:15:05,602.6,19.61
2015-02-23 22:30:04,594.6,20.21
2015-02-23 22:45:05,598,20.55
2015-02-23 23:00:04,596.4,21.426
2015-02-23 23:15:04,599.7,21.75
2015-02-23 23:30:05,595.8,22.108
2015-02-23 23:45:05,597.7,22.53
2015-02-24 00:00:11,598.4,22.96
2015-02-24 00:15:05,0,23.049
2015-02-24 00:30:04,0,21.92
2015-02-24 00:45:04,0,21.078
2015-02-24 01:00:03,0,20.38
2015-02-24 01:15:05,0,19.717
2015-02-24 01:30:04,0,19.26
2015-02-24 01:45:05,0,18.84
2015-02-24 02:00:05,0,18.41
2015-02-24 02:15:05,0,18.15
2015-02-24 02:30:05,0,17.98
2015-02-24 02:45:04,0,17.72
2015-02-24 03:00:05,0,17.55
2015-02-24 03:15:05,0,17.38
2015-02-24 03:30:05,0,17.13
2015-02-24 03:45:05,0,16.95
2015-02-24 04:00:05,0,16.87
2015-02-24 04:15:05,0,16.7
2015-02-24 04:30:05,0,16.61
2015-02-24 04:45:04,0,16.53
2015-02-24 05:00:05,0,16.44
2015-02-24 05:15:06,0,16.27
2015-02-24 05:30:04,0,16.27
2015-02-24 05:45:04,0,16.18
2015-02-24 06:00:04,0,16.1
2015-02-24 06:15:05,18,16.01
2015-02-24 06:30:04,65,15.93
2015-02-24 06:45:05,130,15.84
2015-02-24 07:00:04,222,15.84
2015-02-24 07:15:05,228,15.75
2015-02-24 07:30:05,293,15.67
2015-02-24 07:45:04,336.5,15.67
2015-02-24 08:00:04,444,15.643
2015-02-24 08:15:04,420.9,15.67
2015-02-24 08:30:04,420.9,15.58
2015-02-24 08:45:04,496,15.58
2015-02-24 09:00:05,476,15.597
2015-02-24 09:15:05,481,15.58
2015-02-24 09:30:04,553.7,15.75
2015-02-24 09:45:05,476,15.75
2015-02-24 10:00:07,627.3,15.75
2015-02-24 10:15:05,647.1,15.84
2015-02-24 10:30:03,546,15.876
2015-02-24 10:45:04,572.2,15.84
2015-02-24 11:00:04,516.5,16.091
2015-02-24 11:15:05,481,18.15
2015-02-24 11:30:04,542.7,19.01
2015-02-24 11:45:04,583,18.499
2015-02-24 12:00:04,584,18.014
2015-02-24 12:15:03,644,17.64
2015-02-24 12:30:05,612,17.3
2015-02-24 12:45:04,627,17.04
2015-02-24 13:00:04,653,16.87
2015-02-24 13:15:04,635,16.7
2015-02-24 13:30:04,619,16.61
2015-02-24 13:45:05,573,16.44
2015-02-24 14:00:03,581,16.27
2015-02-24 14:15:04,595,16.27
2015-02-24 14:30:04,593,16.164
2015-02-24 14:45:04,532.4,16.01
2015-02-24 15:00:03,418,15.93
2015-02-24 15:15:03,495.7,15.84
2015-02-24 15:30:04,444,15.75
2015-02-24 15:45:04,398,15.678
2015-02-24 16:00:04,370,15.58
2015-02-24 16:15:04,420,15.5
2015-02-24 16:30:04,407,15.428
2015-02-24 16:45:05,324.8,15.41
2015-02-24 17:00:04,245,15.32
2015-02-24 17:15:04,146,15.24
2015-02-24 17:30:03,53,15.222
2015-02-24 17:45:04,5.2,15.15
2015-02-24 18:00:04,0,15.07
2015-02-24 18:15:04,0,15.07
2015-02-24 18:30:04,0,14.98
2015-02-24 18:45:04,0,14.953
2015-02-24 19:00:04,0,14.89
2015-02-24 19:15:04,0,14.81
2015-02-24 19:30:03,0,14.81
2015-02-24 19:45:03,0,14.729
2015-02-24 20:00:05,0,14.72
2015-02-24 20:15:04,0,14.72
2015-02-24 20:30:04,0,14.63
2015-02-24 20:45:04,0,14.63
2015-02-24 21:00:04,0,14.55
2015-02-24 21:15:04,0,14.55
2015-02-24 21:30:05,0,14.55
2015-02-24 21:45:04,0,14.55
2015-02-24 22:00:03,0,14.55
2015-02-24 22:15:04,0,14.487
2015-02-24 22:30:04,0,14.504
2015-02-24 22:45:04,262.8,14.72
2015-02-24 23:00:04,279.6,16.7
2015-02-24 23:15:04,253.2,18.15
2015-02-24 23:30:04,247.8,18.929
2015-02-24 23:45:04,0,19.341
2015-02-25 00:00:07,0,18.58
2015-02-25 00:15:04,0,17.989
2015-02-25 00:30:05,0,17.55
2015-02-25 00:45:04,0,17.3
2015-02-25 01:00:06,0,16.95
2015-02-25 01:15:05,0,16.7
2015-02-25 01:30:04,0,16.53
2015-02-25 01:45:11,0,16.27
2015-02-25 02:00:04,0,16.1
2015-02-25 02:15:05,0,16.01
2015-02-25 02:30:05,0,15.84
2015-02-25 02:45:05,0,15.726
2015-02-25 03:00:11,0,15.661
2015-02-25 03:15:04,0,15.508
2015-02-25 03:30:05,0,15.5
2015-02-25 03:45:07,0,15.41
2015-02-25 04:00:05,0,15.32
2015-02-25 04:15:10,0,15.24
2015-02-25 04:30:07,0,15.15
2015-02-25 04:45:04,0,15.15
2015-02-25 05:00:04,0,15.07
2015-02-25 05:15:08,0,15.07
2015-02-25 05:30:06,0,14.98
2015-02-25 05:45:04,0,14.98
2015-02-25 06:00:09,0,14.89
2015-02-25 06:15:05,12,14.81
2015-02-25 06:30:05,56,14.81
2015-02-25 06:45:06,112.3,14.81
2015-02-25 07:00:05,163,14.81
2015-02-25 07:15:07,183.8,17.13
2015-02-25 07:30:06,222.4,18.159
2015-02-25 07:45:07,389,18.661
2015-02-25 08:00:04,410.8,19.61
2015-02-25 08:15:05,417.7,20.29
2015-02-25 08:30:04,514,20.29
2015-02-25 08:45:06,667,19.26
2015-02-25 09:00:06,755,18.956
2015-02-25 09:15:04,755.4,19.09
2015-02-25 09:30:13,707.5,18.75
2015-02-25 09:45:09,657.9,18.32
2015-02-25 10:00:08,692.9,17.98
2015-02-25 10:15:10,754.2,17.925
2015-02-25 10:30:12,711.3,17.72
2015-02-25 10:45:09,719,17.55
2015-02-25 11:00:20,726,17.64
2015-02-26 23:00:06,297,14.38
2015-02-26 23:06:06,293.6,14.558
2015-02-26 23:15:12,315.7,14.81
2015-02-26 23:30:06,309,17.058
2015-02-26 23:45:05,319.6,17.98
2015-02-26 23:50:17,298.3,18.58
2015-02-27 00:00:04,299.9,19.26
2015-02-27 00:15:03,298.4,19.905
2015-02-27 00:30:04,301.3,20.29
2015-02-27 00:45:03,0,19.69
2015-02-27 01:00:03,0,18.831
2015-02-27 01:15:04,0,18.15
2015-02-27 01:30:04,0,17.622
2015-02-27 01:45:04,0,17.186
2015-02-27 02:00:03,0,16.87
2015-02-27 02:15:04,0,16.61
2015-02-27 02:30:04,0,16.44
2015-02-27 02:45:04,0,16.27
2015-02-27 03:00:03,0,15.93
2015-02-27 03:15:03,0,16.002
2015-02-27 03:30:04,0,15.5
2015-02-27 03:45:04,0,15.32
2015-02-27 04:00:04,0,15.41
2015-02-27 04:15:04,0,15.15
2015-02-27 04:30:04,0,15.24
2015-02-27 04:45:03,0,14.89
2015-02-27 05:00:04,0,14.72
2015-02-27 05:15:03,0,14.89
2015-02-27 05:30:04,0,14.63
2015-02-27 05:45:04,0,14.55
2015-02-27 06:00:04,25.3,14.38
2015-02-27 06:15:04,145.6,14.29
2015-02-27 06:30:04,293.1,14.29
2015-02-27 06:45:03,394,14.209
2015-02-27 07:00:04,733,14.46
2015-02-27 07:15:03,663.1,14.783
2015-02-27 07:30:04,530,14.89
2015-02-27 07:45:04,532,14.89
2015-02-27 08:00:04,538,14.98
2015-02-27 08:15:04,735,14.917
2015-02-27 08:30:04,753,15.07
2015-02-27 08:45:04,753.6,15.58
2015-02-27 09:00:04,754,16.01
2015-02-27 09:15:03,754.3,16.35
2015-02-27 09:30:03,607,16.61
2015-02-27 09:45:04,754.7,16.61
2015-02-27 10:00:03,717.7,16.7
2015-02-27 10:15:04,695.4,16.78
2015-02-27 10:30:03,754.6,16.673
2015-02-27 10:45:03,739.9,16.7
2015-02-27 11:00:04,709,16.61
2015-02-27 11:15:04,662.7,16.61
2015-02-27 11:30:03,715,16.61
2015-02-27 11:45:04,688.1,16.78
2015-02-27 12:00:04,726.9,16.44
2015-02-27 12:15:04,709,16.35
2015-02-27 12:30:03,693,16.18
2015-02-27 12:45:04,667,16.01
2015-02-27 13:00:04,657,16.01
2015-02-27 13:15:04,654.6,15.84
2015-02-27 13:30:04,664,15.67
2015-02-27 13:45:04,637,15.67
2015-02-27 14:00:04,630,15.58
2015-02-27 14:15:04,625,15.5
2015-02-27 14:30:04,593,15.5
2015-02-27 14:45:04,554.9,15.41
2015-02-27 15:00:04,542,15.257
2015-02-27 15:15:04,536.9,15.15
2015-02-27 15:30:03,631,15.15
2015-02-27 15:45:04,626,15.159
2015-02-27 16:00:04,609,15.07
2015-02-27 16:15:04,564,15.07
2015-02-27 16:30:04,494,14.98
2015-02-27 16:45:04,454.9,14.89
2015-02-27 17:00:03,395,14.81
2015-02-27 17:15:03,255,14.72
2015-02-27 17:30:04,122,14.63
2015-02-27 17:45:04,15,14.55
2015-02-27 18:00:03,0,14.46
2015-02-27 18:15:03,0,14.38
2015-02-27 18:30:04,0,14.29
2015-02-27 18:45:03,0,14.299
2015-02-27 19:00:04,0,14.2
2015-02-27 19:15:04,0,14.2
2015-02-27 19:30:04,0,14.12
2015-02-27 19:45:04,0,14.03
2015-02-27 20:00:04,0,14.03
2015-02-27 20:15:04,0,14.03
2015-02-27 20:30:04,0,13.94
2015-02-27 20:45:04,0,13.868
2015-02-27 21:00:03,0,13.86
2015-02-27 21:15:04,0,13.77
2015-02-27 21:30:04,0,13.77
2015-02-27 21:45:03,0,13.68
2015-02-27 22:00:04,549.8,16.18
2015-02-27 22:15:04,549.2,17.38
2015-02-27 22:30:03,544.1,18.49
2015-02-27 22:45:04,549.4,19.69
2015-02-27 23:00:04,558,20.46
2015-02-27 23:15:03,549.4,21.15
2015-02-27 23:30:04,550.3,21.75
2015-02-27 23:45:04,542.6,22.216
2015-02-28 00:00:04,544.8,22.35
2015-02-28 00:15:04,543.8,22.78
2015-02-28 00:30:04,548.2,22.87
2015-02-28 00:45:03,548.2,22.87
2015-02-28 01:00:03,0,22.96
2015-02-28 01:15:04,0,21.41
2015-02-28 01:30:04,0,20.38
2015-02-28 01:45:04,0,19.61
2015-02-28 02:00:04,0,18.92
2015-02-28 02:15:05,0,18.32
2015-02-28 02:30:05,0,17.81
2015-02-28 02:45:04,0,17.38
2015-02-28 03:00:04,0,17.04
2015-02-28 03:15:05,0,16.7
2015-02-28 03:30:04,0,16.44
2015-02-28 03:45:04,0,16.27
2015-02-28 04:00:04,0,15.93
2015-02-28 04:15:04,0,15.75
2015-02-28 04:30:04,0,15.5
2015-02-28 04:45:04,0,15.32
2015-02-28 05:00:03,0,15.15
2015-02-28 05:15:04,0,15.07
2015-02-28 05:30:04,0,14.89
2015-02-28 05:45:04,0,14.72
2015-02-28 06:00:04,28,14.55
2015-02-28 06:15:04,158,14.46
2015-02-28 06:30:04,354,14.38
2015-02-28 06:45:04,465,14.38
2015-02-28 07:00:03,542,14.317
2015-02-28 07:15:04,609,14.55
2015-02-28 07:30:03,581,14.63
2015-02-28 07:45:04,573,14.63
2015-02-28 08:00:03,636,17.38
2015-02-28 08:15:03,736.9,18.75
2015-02-28 08:30:04,758,19.86
2015-02-28 08:45:03,759,21.06
2015-02-28 09:00:03,760,22.27
2015-02-28 09:15:04,761,23.13
2015-02-28 09:30:03,761.7,23.82
2015-02-28 09:45:04,762.1,24.52
2015-02-28 10:00:04,762.8,25.04
2015-02-28 10:15:04,763,25.31
2015-02-28 10:30:04,762.7,25.48
2015-02-28 10:45:03,741,25.57
2015-02-28 11:00:04,720,25.57
2015-02-28 11:15:04,687,25.48
2015-02-28 11:30:04,678.5,24.96
2015-02-28 11:45:04,676,24.35
2015-02-28 12:00:04,660,24.35
2015-02-28 12:15:04,644.1,24.43
2015-02-28 12:30:03,632,24.511
2015-02-28 12:45:03,620,23.56
2015-02-28 13:00:04,609,22.96
2015-02-28 13:15:03,598.6,22.61
2015-02-28 13:30:04,625,22.968
2015-02-28 13:45:03,611.1,23.228
2015-02-28 14:00:03,613,23.22
2015-02-28 14:15:04,612,22.96
2015-02-28 14:30:03,575,23
2015-02-28 14:45:04,571.4,22.87
2015-02-28 15:00:04,607.1,23.13
2015-02-28 15:15:04,595,23.202
2015-02-28 15:30:04,595,23.13
2015-02-28 15:45:04,582,22.897
2015-02-28 16:00:03,560.7,22.96
2015-02-28 16:15:04,529,22.87
2015-02-28 16:30:03,466,22.61
2015-02-28 16:45:04,418,22.53
2015-02-28 17:00:04,348.9,22.44
2015-02-28 17:15:04,223.7,22.27
2015-02-28 17:30:03,110,22.27
2015-02-28 17:45:04,15,22.302
2015-02-28 18:00:03,0,22.35
2015-02-28 18:15:03,0,22.7
2015-02-28 18:30:04,0,22.61
2015-02-28 18:45:04,0,22.53
2015-02-28 19:00:04,0,22.61
2015-02-28 19:15:03,0,22.44
2015-02-28 19:30:03,0,22.44
2015-02-28 19:45:03,0,22.359
2015-02-28 20:00:03,0,22.53
2015-02-28 20:15:04,0,23.847
2015-02-28 20:30:04,0,22.96
2015-02-28 20:45:04,0,22.968
2015-02-28 21:00:03,0,22.78
2015-02-28 21:15:03,0,22.78
2015-02-28 21:30:04,0,23.56
2015-02-28 21:45:03,0,22.87
2015-02-28 22:00:04,0,23.65
2015-02-28 22:15:04,0,24.529
2015-02-28 22:30:04,0,23.65
2015-02-28 22:45:04,0,23.22
2015-02-28 23:00:04,0,23.13
2015-02-28 23:15:04,0,23.13
2015-02-28 23:30:04,0,23.04
2015-02-28 23:45:03,0,22.915
2015-03-01 00:00:04,0,22.87
2015-03-01 00:15:04,0,22.87
2015-03-01 00:30:03,0,22.78
2015-03-01 00:45:04,0,22.7
2015-03-01 01:00:04,0,22.78
2015-03-01 01:15:04,0,22.96
2015-03-01 01:30:03,0,23.13
2015-03-01 01:45:04,0,23.04
2015-03-01 02:00:04,10,23.103
2015-03-01 02:15:08,0,22.789
2015-03-01 02:30:04,0,21.92
2015-03-01 02:45:04,0,21.15
2015-03-01 03:00:04,0,20.55
2015-03-01 03:15:04,0,20.12
2015-03-01 03:30:03,0,19.69
2015-03-01 03:45:04,0,19.278
2015-03-01 04:00:04,0,19.01
2015-03-01 04:15:04,0,18.67
2015-03-01 04:30:04,0,18.41
2015-03-01 04:45:03,0,18.15
2015-03-01 05:00:04,0,17.98
2015-03-01 05:15:04,0,17.72
2015-03-01 05:30:04,0,17.55
2015-03-01 05:45:04,0,17.47
2015-03-01 06:00:04,5,17.3
2015-03-01 06:15:03,70,17.13
2015-03-01 06:30:03,269,17.04
2015-03-01 06:45:04,154,16.95
2015-03-01 07:00:04,467,16.78
2015-03-01 07:15:04,548,16.7
2015-03-01 07:30:03,438.3,16.619
2015-03-01 07:45:03,367.4,16.53
2015-03-01 08:00:04,423,16.44
2015-03-01 08:15:04,474,16.35
2015-03-01 08:30:04,564,16.35
2015-03-01 08:45:04,546.9,16.35
2015-03-01 09:00:03,580,16.27
2015-03-01 09:15:04,547,16.261
2015-03-01 09:30:04,474,16.18
2015-03-01 09:45:04,444,16.1
2015-03-01 10:00:04,438,16.1
2015-03-01 10:15:04,599,16.01
2015-03-01 10:30:04,612.3,16.1
2015-03-01 10:45:04,610,16.18
2015-03-01 11:00:03,610,16.1
2015-03-01 11:15:04,689.2,17.98
2015-03-01 11:30:04,581.9,18.67
2015-03-01 11:45:03,640,19.86
2015-03-01 12:00:04,586.6,20.72
2015-03-01 12:15:03,596.7,21.41
2015-03-01 12:30:04,505,22.01
2015-03-01 12:45:03,445,22.44
2015-03-01 13:00:04,452,22.87
2015-03-01 13:15:03,443.7,22.27
2015-03-01 13:30:04,425.9,21.15
2015-03-01 13:45:04,472,20.404
2015-03-01 14:00:04,418.8,19.78
2015-03-01 14:15:03,403,19.18
2015-03-01 14:30:04,420,18.75
2015-03-01 14:45:03,309.1,18.41
2015-03-01 15:00:03,326.5,18.07
2015-03-01 15:15:04,375.4,17.72
2015-03-01 15:30:04,341,17.47
2015-03-01 15:45:04,326.7,17.21
2015-03-01 16:00:04,283,17.04
2015-03-01 16:15:04,121,16.87
2015-03-01 16:30:04,134,16.7
2015-03-01 16:45:04,81.9,16.476
2015-03-01 17:00:04,46,16.35
2015-03-01 17:15:03,594.6,17.81
2015-03-01 17:30:04,589.2,18.718
2015-03-01 17:45:04,583.1,19.78
2015-03-01 18:00:04,576.8,20.55
2015-03-01 18:15:04,574.6,21.15
2015-03-01 18:30:04,576.4,21.687
2015-03-01 18:45:04,578.7,22.082
2015-03-01 19:00:04,580.1,22.35
2015-03-01 19:15:04,580.3,22.7
2015-03-01 19:30:04,576.7,22.87
2015-03-01 19:45:04,579.7,23.13
2015-03-01 20:00:04,581.3,23.22
2015-03-01 20:15:03,575.6,23.48
2015-03-01 20:30:04,567.2,23.641
2015-03-01 20:45:04,573.4,23.74
2015-03-01 21:00:04,578.4,23.82
2015-03-01 21:15:03,574.4,24.08
2015-03-01 21:30:04,295.3,24.08
2015-03-01 21:45:04,301.5,24.35
2015-03-01 22:00:04,295.8,24.52
2015-03-01 22:15:04,292.9,24.626
2015-03-01 22:30:03,295,24.26
2015-03-01 22:45:03,294.7,24.457
2015-03-01 23:00:04,291.1,24.17
2015-03-01 23:15:04,290.7,24.43
2015-03-01 23:30:03,297.7,24.26
2015-03-01 23:45:03,294.2,24.35
2015-03-02 00:00:03,300.7,24.35
2015-03-02 00:15:04,296.2,24.43
2015-03-02 00:30:03,297.1,24.374
2015-03-02 00:45:03,299.3,24.17
2015-03-02 01:00:03,298.4,24.43
2015-03-02 01:15:03,302,24
2015-03-02 01:30:03,303,22.96
2015-03-02 01:45:03,0,22.124
2015-03-02 02:00:04,0,21.41
2015-03-02 02:15:04,0,20.89
2015-03-02 02:30:04,0,20.38
2015-03-02 02:45:04,0,19.86
2015-03-02 03:00:04,0,19.52
2015-03-02 03:15:04,0,19.144
2015-03-02 03:30:03,0,18.822
2015-03-02 03:45:03,0,18.49
2015-03-02 04:00:03,0,18.24
2015-03-02 04:15:04,0,17.98
2015-03-02 04:30:03,0,17.72
2015-03-02 04:45:03,0,17.55
2015-03-02 05:00:04,0,17.3
2015-03-02 05:15:03,0,17.13
2015-03-02 05:30:04,0,16.95
2015-03-02 05:45:04,0,16.78
2015-03-02 06:00:04,37,16.61
2015-03-02 06:15:04,151.1,16.44
2015-03-02 06:30:03,258,16.27
2015-03-02 06:45:04,322.9,16.18
2015-03-02 07:00:04,717,16.35
2015-03-02 07:15:04,691.1,16.78
2015-03-02 07:30:03,484.9,17.04
2015-03-02 07:45:04,428,17.04
2015-03-02 08:00:05,432,16.78
2015-03-02 08:15:05,754.9,16.87
2015-03-02 08:30:03,755.4,17.72
2015-03-02 08:45:04,755.9,18.41
2015-03-02 09:00:03,756.9,18.92
2015-03-02 09:15:03,756.9,19.26
2015-03-02 09:30:04,756.9,19.61
2015-03-02 09:45:04,757,19.78
2015-03-02 10:00:04,756.9,19.86
2015-03-02 10:15:04,757,19.78
2015-03-02 10:30:04,756.9,19.69
2015-03-02 10:45:03,757,19.52
2015-03-02 11:00:04,751,19.18
2015-03-02 11:15:04,712.1,18.92
2015-03-02 11:30:03,691,18.67
2015-03-02 11:45:04,681.2,18.41
2015-03-02 12:00:04,672.2,18.15
2015-03-02 12:15:04,659.1,17.9
2015-03-02 12:30:04,610,17.64
2015-03-02 12:45:03,592,17.38
2015-03-02 13:00:04,582,17.21
2015-03-02 13:15:04,580,17.13
2015-03-02 13:30:03,584.9,16.95
2015-03-02 13:45:04,590,16.78
2015-03-02 14:00:04,595.3,16.7
2015-03-02 14:15:04,599,16.655
2015-03-02 14:30:04,602,16.53
2015-03-02 14:45:04,601,16.53
2015-03-02 15:00:04,599.3,16.44
2015-03-02 15:15:04,596.1,16.35
2015-03-02 15:30:03,590,16.35
2015-03-02 15:45:04,582,16.27
2015-03-02 16:00:03,570,16.27
2015-03-02 16:15:04,550,16.18
2015-03-02 16:30:04,491.4,16.1
2015-03-02 16:45:04,437.1,16.01
2015-03-02 17:00:03,411,15.93
2015-03-02 17:15:03,299,15.75
2015-03-02 17:30:03,156.7,15.67
2015-03-02 17:45:03,31.8,15.58
2015-03-02 18:00:03,0,15.5
2015-03-02 18:15:03,0,15.41
2015-03-02 18:30:04,0,15.32
2015-03-02 18:45:03,0,15.24
2015-03-02 19:00:04,0,15.15
2015-03-02 19:15:03,0,15.15
2015-03-02 19:30:04,0,15.07
2015-03-02 19:45:03,0,14.98
2015-03-02 20:00:04,0,14.899
2015-03-02 20:15:04,0,14.89
2015-03-02 20:30:04,0,14.81
2015-03-02 20:45:04,0,14.72
2015-03-02 21:00:03,0,14.72
2015-03-02 21:15:04,0,14.63
2015-03-02 21:30:04,0,14.55
2015-03-02 21:45:04,0,14.55
2015-03-02 22:00:03,0,14.46
2015-03-02 22:15:04,0,14.38
2015-03-02 22:30:04,543.1,16.61
2015-03-02 22:45:04,552.1,18.15
2015-03-02 23:00:04,549.3,19.26
2015-03-02 23:15:04,542.5,20.38
2015-03-02 23:30:03,542.3,20.72
2015-03-02 23:45:04,538.9,21.49
2015-03-03 00:00:04,540.5,22.01
2015-03-03 00:15:03,0,20.98
2015-03-03 00:30:04,0,20.03
2015-03-03 00:45:04,0,19.35
2015-03-03 01:00:03,0,18.75
2015-03-03 01:15:04,0,18.24
2015-03-03 01:30:04,0,17.9
2015-03-03 01:45:03,0,17.38
2015-03-03 02:00:04,0,17.13
2015-03-03 02:15:04,0,16.87
2015-03-03 02:30:03,0,16.61
2015-03-03 02:45:04,0,16.44
2015-03-03 03:00:04,0,16.27
2015-03-03 03:15:04,0,16.1
2015-03-03 03:30:04,0,15.93
2015-03-03 03:45:03,0,15.84
2015-03-03 04:00:04,0,15.67
2015-03-03 04:15:03,0,15.5
2015-03-03 04:30:03,0,15.41
2015-03-03 04:45:03,0,15.256
2015-03-03 05:00:04,0,15.15
2015-03-03 05:15:03,0,15.07
2015-03-03 05:30:04,0,14.98
2015-03-03 05:45:03,0,14.89
2015-03-03 06:00:04,9,14.81
2015-03-03 06:15:04,48,14.72
2015-03-03 06:30:04,78,14.72
2015-03-03 06:45:04,124,14.63
2015-03-03 07:00:04,144,14.55
2015-03-03 07:15:03,252.5,14.55
2015-03-03 07:30:03,247,14.46
2015-03-03 07:45:04,305,14.46
2015-03-03 08:00:04,320,14.396
2015-03-03 08:15:05,437.9,14.38
2015-03-03 08:30:03,442.8,14.72
2015-03-03 08:45:04,436.2,14.72
2015-03-03 09:00:03,411,14.55
2015-03-03 09:15:04,407,14.55
2015-03-03 09:30:03,385.7,14.38
2015-03-03 09:45:04,473,14.344
2015-03-03 10:00:04,468,14.29
2015-03-03 10:15:04,476,14.2
2015-03-03 10:30:03,578.7,14.2
2015-03-03 10:45:04,556,14.2
2015-03-03 11:00:04,584,14.2
2015-03-03 11:15:04,555,14.2
2015-03-03 11:30:04,584.4,14.12
2015-03-03 11:45:04,591,14.12
2015-03-03 12:00:03,555,14.12
2015-03-03 12:15:03,660.8,14.12
2015-03-03 12:30:04,599.7,14.12
2015-03-03 12:45:03,611,14.12
2015-03-03 13:00:04,565.7,14.03
2015-03-03 13:15:04,587.6,14.03
2015-03-03 13:30:04,642,14.03
2015-03-03 13:45:03,565,14.03
2015-03-03 14:00:04,554.4,14.03
2015-03-03 14:15:04,562,14.03
2015-03-03 14:30:04,605,13.94
2015-03-03 14:45:04,541,13.94
2015-03-03 15:00:03,537.8,13.86
2015-03-03 15:15:04,459,13.833
2015-03-03 15:30:04,436.1,13.77
2015-03-03 15:45:04,418.5,13.68
2015-03-03 16:00:03,408.9,13.6
2015-03-03 16:15:03,372,13.528
2015-03-03 16:30:04,289,13.51
2015-03-03 16:45:04,297,13.42
2015-03-03 17:00:03,210,13.34
2015-03-03 17:15:03,116,13.34
2015-03-03 17:30:03,43,13.25
2015-03-03 17:45:04,8,13.16
2015-03-03 18:00:03,0,13.16
2015-03-03 18:15:03,0,13.08
2015-03-03 18:30:04,0,13.008
2015-03-03 18:45:04,0,12.99
2015-03-03 19:00:03,0,12.99
2015-03-03 19:15:04,0,12.9
2015-03-03 19:30:04,0,12.9
2015-03-03 19:45:04,0,12.9
2015-03-03 20:00:03,0,12.82
2015-03-03 20:15:03,0,12.82
2015-03-03 20:30:04,0,12.73
2015-03-03 20:45:04,0,12.739
2015-03-03 21:00:04,0,12.73
2015-03-03 21:15:04,0,12.64
2015-03-03 21:30:04,0,12.703
2015-03-03 21:45:04,284.7,12.892
2015-03-03 22:00:04,307.9,15.32
2015-03-03 22:15:03,306.2,17.21
2015-03-03 22:30:04,303.3,18.41
2015-03-03 22:45:04,299.7,19.44
2015-03-03 23:00:03,297.8,20.21
2015-03-03 23:15:04,0,20.72
2015-03-03 23:30:04,0,19.26
2015-03-03 23:45:04,0,18.392
2015-03-04 00:00:04,0,17.64
2015-03-04 00:15:03,0,17.04
2015-03-04 00:30:03,0,16.53
2015-03-04 00:45:04,0,16.1
2015-03-04 01:00:04,0,15.75
2015-03-04 01:15:04,0,15.5
2015-03-04 01:30:04,0,15.24
2015-03-04 01:45:04,0,15.025
2015-03-04 02:00:04,0,14.842
2015-03-04 02:15:04,0,14.72
2015-03-04 02:30:03,0,14.55
2015-03-04 02:45:04,0,14.469
2015-03-04 03:00:04,0,14.29
2015-03-04 03:15:04,0,14.2
2015-03-04 03:30:04,0,14.12
2015-03-04 03:45:04,0,14.03
2015-03-04 04:00:04,0,13.94
2015-03-04 04:15:03,0,13.86
2015-03-04 04:30:03,0,13.77
2015-03-04 04:45:04,0,13.68
2015-03-04 05:00:03,0,13.6
2015-03-04 05:15:04,0,13.6
2015-03-04 05:30:03,0,13.51
2015-03-04 05:45:04,0,13.51
2015-03-04 06:00:03,2,13.42
2015-03-04 06:15:03,11,13.42
2015-03-04 06:30:04,54.6,13.34
